,week,position,name,overall_rank,Andy Behrens,Scott Pianowski,Dalton Del Don,Matt Harmon,Kate Magdziuk,Tera Roberts,points,ranking,overall_rank_error,Andy Behrens_error,Scott Pianowski_error,Dalton Del Don_error,Matt Harmon_error,Kate Magdziuk_error,Tera Roberts_error
0,1,K,Evan McPherson,1.0,4.0,2.0,1.0,3.0,1.0,1.0,6,24.0,23.0,20.0,22.0,23.0,21.0,23.0,23.0
1,1,K,Harrison Butker,2.0,1.0,3.0,4.0,2.0,2.0,2.0,9,16.0,14.0,15.0,13.0,12.0,14.0,14.0,14.0
2,1,K,Justin Tucker,3.0,3.0,1.0,3.0,1.0,4.0,4.0,8,18.0,15.0,15.0,17.0,15.0,17.0,14.0,14.0
3,1,K,Ka'imi Fairbairn,4.0,6.0,4.0,2.0,5.0,6.0,5.0,17,5.0,1.0,1.0,1.0,3.0,0.0,1.0,0.0
4,1,K,Jake Elliott,5.0,2.0,6.0,8.0,4.0,3.0,6.0,10,11.0,6.0,9.0,5.0,3.0,7.0,8.0,5.0
5,1,K,Tyler Bass,6.0,7.0,7.0,,6.0,5.0,3.0,10,11.0,5.0,4.0,4.0,,5.0,6.0,8.0
6,1,K,Brandon Aubrey,7.0,5.0,5.0,11.0,8.0,8.0,9.0,21,4.0,3.0,1.0,1.0,7.0,4.0,4.0,5.0
7,1,K,Jason Sanders,8.0,8.0,8.0,9.0,7.0,9.0,7.0,10,11.0,3.0,3.0,3.0,2.0,4.0,2.0,4.0
8,1,K,Younghoe Koo,9.0,10.0,9.0,7.0,9.0,10.0,8.0,4,27.0,18.0,17.0,18.0,20.0,18.0,17.0,19.0
9,1,K,Jake Moody,10.0,9.0,10.0,5.0,10.0,11.0,10.0,26,1.0,9.0,8.0,9.0,4.0,9.0,10.0,9.0
10,1,K,Cairo Santos,11.0,,11.0,6.0,11.0,7.0,,13,7.0,4.0,,4.0,1.0,4.0,0.0,
11,1,K,Jason Myers,12.0,,,,12.0,,11.0,10,11.0,1.0,,,,1.0,,0.0
12,1,K,Jake Bates,,11.0,,10.0,,,,8,18.0,,7.0,,8.0,,,
13,1,K,Cameron Dicker,,,,12.0,,,12.0,12,8.0,,,,4.0,,,4.0
14,1,K,Blake Grupe,,,,,,,,22,3.0,,,,,,,
15,1,K,Dustin Hopkins,,,,,,,,7,22.0,,,,,,,
16,1,K,Chase McLaughlin,,,,,,,,15,6.0,,,,,,,
17,1,K,Daniel Carlson,,,,,,,,4,27.0,,,,,,,
18,1,K,Chris Boswell,,,,,,,,26,1.0,,,,,,,
19,1,K,Greg Zuerlein,,12.0,,,,,,1,32.0,,20.0,,,,,
20,1,K,Joshua Karty,,,12.0,,,,,9,16.0,,,4.0,,,,
21,1,K,Matt Prater,,,,,,,,8,18.0,,,,,,,
22,1,K,Graham Gano,,,,,,,,8,18.0,,,,,,,
23,1,K,Will Reichard,,,,,,,,4,27.0,,,,,,,
24,1,K,Eddy Pineiro,,,,,,,,5,26.0,,,,,,,
25,1,K,Cam Little,,,,,,,,7,22.0,,,,,,,
26,1,K,Wil Lutz,,,,,,,,11,9.0,,,,,,,
27,1,K,Joey Slye,,,,,,12.0,,10,11.0,,,,,,1.0,
28,1,K,Brayden Narveson,,,,,,,,11,9.0,,,,,,,
29,1,K,Nick Folk,,,,,,,,6,24.0,,,,,,,
30,1,K,Spencer Shrader,,,,,,,,3,30.0,,,,,,,
31,1,K,Cade York,,,,,,,,2,31.0,,,,,,,
32,2,K,Justin Tucker,1.0,3.0,2.0,2.0,2.0,1.0,4.0,13,7.0,6.0,4.0,5.0,5.0,5.0,6.0,3.0
33,2,K,Harrison Butker,2.0,2.0,3.0,3.0,1.0,5.0,1.0,10,13.0,11.0,11.0,10.0,10.0,12.0,8.0,12.0
34,2,K,Brandon Aubrey,3.0,1.0,1.0,1.0,5.0,6.0,8.0,17,4.0,1.0,3.0,3.0,3.0,1.0,2.0,4.0
35,2,K,Ka'imi Fairbairn,4.0,4.0,4.0,5.0,3.0,4.0,2.0,20,2.0,2.0,2.0,2.0,3.0,1.0,2.0,0.0
36,2,K,Jake Elliott,5.0,6.0,5.0,6.0,4.0,2.0,5.0,7,22.0,17.0,16.0,17.0,16.0,18.0,20.0,17.0
37,2,K,Tyler Bass,6.0,8.0,8.0,9.0,6.0,3.0,6.0,8,19.0,13.0,11.0,11.0,10.0,13.0,16.0,13.0
38,2,K,Jake Moody,7.0,5.0,6.0,4.0,8.0,8.0,10.0,5,27.0,20.0,22.0,21.0,23.0,19.0,19.0,17.0
39,2,K,Jason Sanders,8.0,9.0,7.0,10.0,7.0,7.0,7.0,4,28.0,20.0,19.0,21.0,18.0,21.0,21.0,21.0
40,2,K,Evan McPherson,9.0,7.0,9.0,,9.0,10.0,3.0,16,5.0,4.0,2.0,4.0,,4.0,5.0,2.0
41,2,K,Chris Boswell,10.0,11.0,12.0,8.0,12.0,9.0,12.0,9,18.0,8.0,7.0,6.0,10.0,6.0,9.0,6.0
42,2,K,Younghoe Koo,11.0,,10.0,12.0,10.0,12.0,9.0,10,13.0,2.0,,3.0,1.0,3.0,1.0,4.0
43,2,K,Cameron Dicker,12.0,10.0,11.0,,,11.0,,10,13.0,1.0,3.0,2.0,,,2.0,
44,2,K,Cairo Santos,,12.0,,,11.0,,,11,11.0,,1.0,,,0.0,,
45,2,K,Jake Bates,,,,7.0,,,,10,13.0,,,,6.0,,,
46,2,K,Jason Myers,,,,,,,,12,9.0,,,,,,,
47,2,K,Blake Grupe,,,,,,,11.0,8,19.0,,,,,,,8.0
48,2,K,Chase McLaughlin,,,,,,,,10,13.0,,,,,,,
49,2,K,Joshua Karty,,,,11.0,,,,4,28.0,,,,17.0,,,
50,2,K,Greg Zuerlein,,,,,,,,6,24.0,,,,,,,
51,2,K,Dustin Hopkins,,,,,,,,13,7.0,,,,,,,
52,2,K,Matt Prater,,,,,,,,14,6.0,,,,,,,
53,2,K,Daniel Carlson,,,,,,,,18,3.0,,,,,,,
54,2,K,Cam Little,,,,,,,,7,22.0,,,,,,,
55,2,K,Will Reichard,,,,,,,,11,11.0,,,,,,,
56,2,K,Wil Lutz,,,,,,,,6,24.0,,,,,,,
57,2,K,Nick Folk,,,,,,,,6,24.0,,,,,,,
58,2,K,Eddy Pineiro,,,,,,,,3,31.0,,,,,,,
59,2,K,Brayden Narveson,,,,,,,,12,9.0,,,,,,,
60,3,K,Harrison Butker,1.0,2.0,1.0,3.0,2.0,1.0,2.0,13,2.0,1.0,0.0,1.0,1.0,0.0,1.0,0.0
61,3,K,Jake Moody,2.0,3.0,4.0,2.0,1.0,3.0,1.0,6,15.0,13.0,12.0,11.0,13.0,14.0,12.0,14.0
62,3,K,Brandon Aubrey,3.0,1.0,2.0,1.0,4.0,2.0,4.0,11,7.0,4.0,6.0,5.0,6.0,3.0,5.0,3.0
63,3,K,Ka'imi Fairbairn,4.0,4.0,3.0,6.0,3.0,4.0,5.0,1,29.0,25.0,25.0,26.0,23.0,26.0,25.0,24.0
64,3,K,Justin Tucker,5.0,6.0,5.0,7.0,5.0,5.0,6.0,4,20.0,15.0,14.0,15.0,13.0,15.0,15.0,14.0
65,3,K,Evan McPherson,6.0,9.0,8.0,4.0,6.0,6.0,3.0,9,8.0,2.0,1.0,0.0,4.0,2.0,2.0,5.0
66,3,K,Jake Elliott,7.0,8.0,6.0,10.0,7.0,7.0,7.0,1,29.0,22.0,21.0,23.0,19.0,22.0,22.0,22.0
67,3,K,Blake Grupe,8.0,5.0,9.0,8.0,10.0,12.0,12.0,6,15.0,7.0,10.0,6.0,7.0,5.0,3.0,3.0
68,3,K,Daniel Carlson,9.0,11.0,11.0,5.0,12.0,9.0,9.0,2,26.0,17.0,15.0,15.0,21.0,14.0,17.0,17.0
69,3,K,Cameron Dicker,10.0,7.0,12.0,,8.0,10.0,8.0,4,20.0,10.0,13.0,8.0,,12.0,10.0,12.0
70,3,K,Tyler Bass,11.0,,7.0,,9.0,8.0,10.0,12,5.0,6.0,,2.0,,4.0,3.0,5.0
71,3,K,Younghoe Koo,12.0,10.0,,,11.0,,11.0,7,14.0,2.0,4.0,,,3.0,,3.0
72,3,K,Chase McLaughlin,,,,9.0,,,,1,29.0,,,,20.0,,,
73,3,K,Jake Bates,,12.0,10.0,12.0,,,,2,26.0,,14.0,16.0,14.0,,,
74,3,K,Cairo Santos,,,,11.0,,11.0,,6,15.0,,,,4.0,,4.0,
75,3,K,Jason Myers,,,,,,,,8,12.0,,,,,,,
76,3,K,Dustin Hopkins,,,,,,,,1,29.0,,,,,,,
77,3,K,Chris Boswell,,,,,,,,8,12.0,,,,,,,
78,3,K,Matt Prater,,,,,,,,9,8.0,,,,,,,
79,3,K,Greg Zuerlein,,,,,,,,6,15.0,,,,,,,
80,3,K,Jason Sanders,,,,,,,,3,23.0,,,,,,,
81,3,K,Will Reichard,,,,,,,,12,5.0,,,,,,,
82,3,K,Brayden Narveson,,,,,,,,13,2.0,,,,,,,
83,3,K,Cam Little,,,,,,,,5,19.0,,,,,,,
84,3,K,Joshua Karty,,,,,,,,9,8.0,,,,,,,
85,3,K,Wil Lutz,,,,,,,,16,1.0,,,,,,,
86,3,K,Matt Gay,,,,,,,,3,23.0,,,,,,,
87,3,K,Austin Seibert,,,,,,,,9,8.0,,,,,,,
88,3,K,Eddy Pineiro,,,,,,,,13,2.0,,,,,,,
89,3,K,Joey Slye,,,,,,,,4,20.0,,,,,,,
90,3,K,Nick Folk,,,,,,,,2,26.0,,,,,,,
91,4,K,Brandon Aubrey,1.0,1.0,1.0,1.0,1.0,1.0,1.0,11,7.0,6.0,6.0,6.0,6.0,6.0,6.0,6.0
92,4,K,Ka'imi Fairbairn,2.0,3.0,2.0,2.0,3.0,2.0,2.0,6,21.0,19.0,18.0,19.0,19.0,18.0,19.0,19.0
93,4,K,Harrison Butker,3.0,2.0,3.0,4.0,2.0,3.0,4.0,5,26.0,23.0,24.0,23.0,22.0,24.0,23.0,22.0
94,4,K,Jake Moody,4.0,5.0,4.0,3.0,5.0,6.0,3.0,13,5.0,1.0,0.0,1.0,2.0,0.0,1.0,2.0
95,4,K,Evan McPherson,5.0,4.0,5.0,5.0,4.0,4.0,5.0,13,5.0,0.0,1.0,0.0,0.0,1.0,1.0,0.0
96,4,K,Matt Prater,6.0,9.0,6.0,6.0,7.0,8.0,8.0,2,31.0,25.0,22.0,25.0,25.0,24.0,23.0,23.0
97,4,K,Justin Tucker,7.0,8.0,8.0,8.0,6.0,7.0,7.0,5,26.0,19.0,18.0,18.0,18.0,20.0,19.0,19.0
98,4,K,Younghoe Koo,8.0,7.0,7.0,7.0,8.0,10.0,6.0,20,2.0,6.0,5.0,5.0,5.0,6.0,8.0,4.0
99,4,K,Blake Grupe,9.0,6.0,9.0,10.0,9.0,5.0,11.0,7,17.0,8.0,11.0,8.0,7.0,8.0,12.0,6.0
100,4,K,Chase McLaughlin,10.0,10.0,11.0,11.0,10.0,11.0,10.0,11,7.0,3.0,3.0,4.0,4.0,3.0,4.0,3.0
101,4,K,Chris Boswell,11.0,11.0,10.0,9.0,11.0,12.0,12.0,8,16.0,5.0,5.0,6.0,7.0,5.0,4.0,4.0
102,4,K,Jason Myers,12.0,,12.0,12.0,12.0,,,3,29.0,17.0,,17.0,17.0,17.0,,
103,4,K,Tyler Bass,,,,,,9.0,,6,21.0,,,,,,12.0,
104,4,K,Jake Elliott,,,,,,,9.0,2,31.0,,,,,,,22.0
105,4,K,Jake Bates,,12.0,,,,,,6,21.0,,9.0,,,,,
106,4,K,Dustin Hopkins,,,,,,,,6,21.0,,,,,,,
107,4,K,Cairo Santos,,,,,,,,7,17.0,,,,,,,
108,4,K,Daniel Carlson,,,,,,,,10,12.0,,,,,,,
109,4,K,Will Reichard,,,,,,,,7,17.0,,,,,,,
110,4,K,Brayden Narveson,,,,,,,,3,29.0,,,,,,,
111,4,K,Cameron Dicker,,,,,,,,6,21.0,,,,,,,
112,4,K,Greg Zuerlein,,,,,,,,10,12.0,,,,,,,
113,4,K,Wil Lutz,,,,,,,,5,26.0,,,,,,,
114,4,K,Austin Seibert,,,,,,,,11,7.0,,,,,,,
115,4,K,Jason Sanders,,,,,,,,9,14.0,,,,,,,
116,4,K,Cam Little,,,,,,,,11,7.0,,,,,,,
117,4,K,Greg Joseph,,,,,,,,19,3.0,,,,,,,
118,4,K,Eddy Pineiro,,,,,,,,7,17.0,,,,,,,
119,4,K,Joshua Karty,,,,,,,,15,4.0,,,,,,,
120,4,K,Nick Folk,,,,,,,,24,1.0,,,,,,,
121,4,K,Joey Slye,,,,,,,,11,7.0,,,,,,,
122,4,K,Matt Gay,,,,,,,,9,14.0,,,,,,,
123,5,K,Brandon Aubrey,1.0,1.0,1.0,2.0,1.0,1.0,1.0,10,12.0,11.0,11.0,11.0,10.0,11.0,11.0,11.0
124,5,K,Harrison Butker,2.0,2.0,3.0,3.0,2.0,3.0,2.0,14,5.0,3.0,3.0,2.0,2.0,3.0,2.0,3.0
125,5,K,Ka'imi Fairbairn,3.0,3.0,2.0,7.0,3.0,2.0,3.0,16,2.0,1.0,1.0,0.0,5.0,1.0,0.0,1.0
126,5,K,Younghoe Koo,4.0,4.0,4.0,6.0,4.0,4.0,4.0,17,1.0,3.0,3.0,3.0,5.0,3.0,3.0,3.0
127,5,K,Justin Tucker,5.0,5.0,6.0,5.0,5.0,6.0,7.0,13,7.0,2.0,2.0,1.0,2.0,2.0,1.0,0.0
128,5,K,Jake Moody,6.0,7.0,5.0,1.0,6.0,11.0,5.0,8,17.0,11.0,10.0,12.0,16.0,11.0,6.0,12.0
129,5,K,Chase McLaughlin,7.0,6.0,10.0,9.0,7.0,5.0,9.0,16,2.0,5.0,4.0,8.0,7.0,5.0,3.0,7.0
130,5,K,Evan McPherson,8.0,8.0,8.0,8.0,9.0,7.0,6.0,4,24.0,16.0,16.0,16.0,16.0,15.0,17.0,18.0
131,5,K,Tyler Bass,9.0,9.0,9.0,11.0,8.0,9.0,8.0,8,17.0,8.0,8.0,8.0,6.0,9.0,8.0,9.0
132,5,K,Jason Myers,10.0,11.0,11.0,4.0,10.0,10.0,10.0,10,12.0,2.0,1.0,1.0,8.0,2.0,2.0,2.0
133,5,K,Cairo Santos,11.0,12.0,,12.0,12.0,8.0,11.0,6,20.0,9.0,8.0,,8.0,8.0,12.0,9.0
134,5,K,Chris Boswell,12.0,,7.0,,,,12.0,6,20.0,8.0,,13.0,,,,8.0
135,5,K,Dustin Hopkins,,,,,,,,9,16.0,,,,,,,
136,5,K,Blake Grupe,,10.0,,,,,,1,27.0,,17.0,,,,,
137,5,K,Austin Seibert,,,12.0,,,,,10,12.0,,,0.0,,,,
138,5,K,Wil Lutz,,,,10.0,,,,13,7.0,,,,3.0,,,
139,5,K,Will Reichard,,,,,,,,16,2.0,,,,,,,
140,5,K,Matt Gay,,,,,,,,10,12.0,,,,,,,
141,5,K,Greg Zuerlein,,,,,,,,5,22.0,,,,,,,
142,5,K,Cam Little,,,,,,,,14,5.0,,,,,,,
143,5,K,Brayden Narveson,,,,,,,,7,19.0,,,,,,,
144,5,K,Daniel Carlson,,,,,,,,5,22.0,,,,,,,
145,5,K,Eddy Pineiro,,,,,,,,4,24.0,,,,,,,
146,5,K,Joshua Karty,,,,,,,,1,27.0,,,,,,,
147,5,K,Joey Slye,,,,,,,,4,24.0,,,,,,,
148,5,K,Chad Ryland,,,,,,12.0,,11,10.0,,,,,,2.0,
149,5,K,Jason Sanders,,,,,,,,12,9.0,,,,,,,
150,5,K,Greg Joseph,,,,,,,,11,10.0,,,,,,,
151,6,K,Brandon Aubrey,1.0,1.0,1.0,1.0,1.0,2.0,1.0,12,6.0,5.0,5.0,5.0,5.0,5.0,4.0,5.0
152,6,K,Younghoe Koo,2.0,3.0,3.0,3.0,3.0,1.0,2.0,12,6.0,4.0,3.0,3.0,3.0,3.0,5.0,4.0
153,6,K,Ka'imi Fairbairn,3.0,2.0,2.0,7.0,5.0,4.0,4.0,12,6.0,3.0,4.0,4.0,1.0,1.0,2.0,2.0
154,6,K,Justin Tucker,4.0,4.0,4.0,4.0,2.0,6.0,6.0,13,4.0,0.0,0.0,0.0,0.0,2.0,2.0,2.0
155,6,K,Chase McLaughlin,5.0,5.0,5.0,6.0,4.0,3.0,3.0,9,14.0,9.0,9.0,9.0,8.0,10.0,11.0,11.0
156,6,K,Evan McPherson,6.0,6.0,6.0,8.0,6.0,7.0,5.0,5,21.0,15.0,15.0,15.0,13.0,15.0,14.0,16.0
157,6,K,Chris Boswell,7.0,11.0,7.0,5.0,7.0,8.0,7.0,17,2.0,5.0,9.0,5.0,3.0,5.0,6.0,5.0
158,6,K,Austin Seibert,8.0,7.0,8.0,12.0,8.0,5.0,8.0,15,3.0,5.0,4.0,5.0,9.0,5.0,2.0,5.0
159,6,K,Jake Elliott,9.0,10.0,12.0,2.0,12.0,12.0,11.0,10,12.0,3.0,2.0,0.0,10.0,0.0,0.0,1.0
160,6,K,Jason Myers,10.0,12.0,11.0,9.0,10.0,10.0,9.0,6,19.0,9.0,7.0,8.0,10.0,9.0,9.0,10.0
161,6,K,Tyler Bass,11.0,9.0,9.0,,11.0,11.0,10.0,5,21.0,10.0,12.0,12.0,,10.0,10.0,11.0
162,6,K,Cameron Dicker,12.0,8.0,10.0,,9.0,9.0,,12,6.0,6.0,2.0,4.0,,3.0,3.0,
163,6,K,Greg Joseph,,,,,,,,1,27.0,,,,,,,
164,6,K,Cairo Santos,,,,11.0,,,,5,21.0,,,,10.0,,,
165,6,K,Jake Bates,,,,,,,,19,1.0,,,,,,,
166,6,K,Brayden Narveson,,,,,,,12.0,11,11.0,,,,,,,1.0
167,6,K,Blake Grupe,,,,,,,,10,12.0,,,,,,,
168,6,K,Matt Gay,,,,,,,,8,16.0,,,,,,,
169,6,K,Wil Lutz,,,,,,,,5,21.0,,,,,,,
170,6,K,Nick Folk,,,,,,,,6,19.0,,,,,,,
171,6,K,Cam Little,,,,,,,,4,25.0,,,,,,,
172,6,K,Eddy Pineiro,,,,,,,,9,14.0,,,,,,,
173,6,K,Chad Ryland,,,,,,,,8,16.0,,,,,,,
174,6,K,Matthew Wright,,,,10.0,,,,13,4.0,,,,6.0,,,
175,6,K,Daniel Carlson,,,,,,,,1,27.0,,,,,,,
176,6,K,Greg Zuerlein,,,,,,,,8,16.0,,,,,,,
177,6,K,Dustin Hopkins,,,,,,,,12,6.0,,,,,,,
178,6,K,Joey Slye,,,,,,,,3,26.0,,,,,,,
179,7,K,Younghoe Koo,1.0,2.0,3.0,3.0,1.0,1.0,1.0,2,26.0,25.0,24.0,23.0,23.0,25.0,25.0,25.0
180,7,K,Justin Tucker,2.0,4.0,1.0,4.0,2.0,2.0,5.0,13,7.0,5.0,3.0,6.0,3.0,5.0,5.0,2.0
181,7,K,Ka'imi Fairbairn,3.0,5.0,2.0,5.0,3.0,3.0,2.0,12,8.0,5.0,3.0,6.0,3.0,5.0,5.0,6.0
182,7,K,Austin Seibert,4.0,7.0,4.0,1.0,8.0,5.0,4.0,17,3.0,1.0,4.0,1.0,2.0,5.0,2.0,1.0
183,7,K,Evan McPherson,5.0,6.0,7.0,7.0,4.0,4.0,3.0,3,24.0,19.0,18.0,17.0,17.0,20.0,20.0,21.0
184,7,K,Will Reichard,6.0,3.0,5.0,8.0,7.0,6.0,7.0,15,5.0,1.0,2.0,0.0,3.0,2.0,1.0,2.0
185,7,K,Chase McLaughlin,7.0,8.0,6.0,6.0,5.0,7.0,6.0,5,16.0,9.0,8.0,10.0,10.0,11.0,9.0,10.0
186,7,K,Harrison Butker,8.0,1.0,8.0,10.0,12.0,8.0,8.0,4,19.0,11.0,18.0,11.0,9.0,7.0,11.0,11.0
187,7,K,Jake Elliott,9.0,10.0,9.0,,6.0,9.0,10.0,4,19.0,10.0,9.0,10.0,,13.0,10.0,9.0
188,7,K,Cameron Dicker,10.0,11.0,12.0,11.0,11.0,10.0,9.0,21,1.0,9.0,10.0,11.0,10.0,10.0,9.0,8.0
189,7,K,Jake Bates,11.0,9.0,10.0,,9.0,11.0,,8,12.0,1.0,3.0,2.0,,3.0,1.0,
190,7,K,Jason Myers,12.0,,,9.0,,,,12,8.0,4.0,,,1.0,,,
191,7,K,Tyler Bass,,,,,,,11.0,10,11.0,,,,,,,0.0
192,7,K,Matt Gay,,,,,,,,12,8.0,,,,,,,
193,7,K,Blake Grupe,,12.0,,,10.0,12.0,,4,19.0,,7.0,,,9.0,7.0,
194,7,K,Chris Boswell,,,,,,,12.0,14,6.0,,,,,,,6.0
195,7,K,Wil Lutz,,,11.0,,,,,18,2.0,,,9.0,,,,
196,7,K,Joshua Karty,,,,2.0,,,,2,26.0,,,,24.0,,,
197,7,K,Jason Sanders,,,,,,,,4,19.0,,,,,,,
198,7,K,Greg Joseph,,,,,,,,3,24.0,,,,,,,
199,7,K,Dustin Hopkins,,,,,,,,0,30.0,,,,,,,
200,7,K,Cam Little,,,,,,,,6,15.0,,,,,,,
201,7,K,Brandon McManus,,,,,,,,7,14.0,,,,,,,
202,7,K,Anders Carlson,,,,12.0,,,,8,12.0,,,,0.0,,,
203,7,K,Eddy Pineiro,,,,,,,,1,28.0,,,,,,,
204,7,K,Greg Zuerlein,,,,,,,,1,28.0,,,,,,,
205,7,K,Nick Folk,,,,,,,,4,19.0,,,,,,,
206,7,K,Daniel Carlson,,,,,,,,16,4.0,,,,,,,
207,7,K,Joey Slye,,,,,,,,5,16.0,,,,,,,
208,7,K,Chad Ryland,,,,,,,,5,16.0,,,,,,,
209,8,K,Will Reichard,1.0,1.0,3.0,1.0,1.0,3.0,2.0,8,17.0,16.0,16.0,14.0,16.0,16.0,14.0,15.0
210,8,K,Justin Tucker,2.0,3.0,2.0,3.0,2.0,1.0,1.0,7,20.0,18.0,17.0,18.0,17.0,18.0,19.0,19.0
211,8,K,Ka'imi Fairbairn,3.0,5.0,1.0,2.0,3.0,2.0,3.0,11,9.0,6.0,4.0,8.0,7.0,6.0,7.0,6.0
212,8,K,Brandon Aubrey,4.0,2.0,5.0,7.0,6.0,5.0,4.0,6,23.0,19.0,21.0,18.0,16.0,17.0,18.0,19.0
213,8,K,Younghoe Koo,5.0,4.0,4.0,8.0,4.0,4.0,5.0,7,20.0,15.0,16.0,16.0,12.0,16.0,16.0,15.0
214,8,K,Harrison Butker,6.0,9.0,6.0,4.0,7.0,7.0,8.0,10,11.0,5.0,2.0,5.0,7.0,4.0,4.0,3.0
215,8,K,Austin Seibert,7.0,7.0,8.0,,5.0,6.0,7.0,13,5.0,2.0,2.0,3.0,,0.0,1.0,2.0
216,8,K,Evan McPherson,8.0,6.0,12.0,11.0,9.0,9.0,10.0,5,24.0,16.0,18.0,12.0,13.0,15.0,15.0,14.0
217,8,K,Chase McLaughlin,9.0,8.0,,10.0,8.0,8.0,9.0,8,17.0,8.0,9.0,,7.0,9.0,9.0,8.0
218,8,K,Wil Lutz,10.0,,10.0,5.0,11.0,11.0,6.0,4,26.0,16.0,,16.0,21.0,15.0,15.0,20.0
219,8,K,Cameron Dicker,11.0,,7.0,9.0,10.0,10.0,11.0,9,15.0,4.0,,8.0,6.0,5.0,5.0,4.0
220,8,K,Jake Bates,12.0,,,6.0,12.0,12.0,,12,6.0,6.0,,,0.0,6.0,6.0,
221,8,K,Chris Boswell,,11.0,9.0,,,,,14,3.0,,8.0,6.0,,,,
222,8,K,Brandon McManus,,10.0,11.0,12.0,,,12.0,12,6.0,,4.0,5.0,6.0,,,6.0
223,8,K,Jason Myers,,,,,,,,4,26.0,,,,,,,
224,8,K,Jake Elliott,,12.0,,,,,,15,2.0,,10.0,,,,,
225,8,K,Tyler Bass,,,,,,,,7,20.0,,,,,,,
226,8,K,Cairo Santos,,,,,,,,1,32.0,,,,,,,
227,8,K,Joshua Karty,,,,,,,,4,26.0,,,,,,,
228,8,K,Matt Gay,,,,,,,,9,15.0,,,,,,,
229,8,K,Jason Sanders,,,,,,,,11,9.0,,,,,,,
230,8,K,Anders Carlson,,,,,,,,16,1.0,,,,,,,
231,8,K,Chad Ryland,,,,,,,,10,11.0,,,,,,,
232,8,K,Cam Little,,,,,,,,10,11.0,,,,,,,
233,8,K,Daniel Carlson,,,,,,,,10,11.0,,,,,,,
234,8,K,Blake Grupe,,,,,,,,8,17.0,,,,,,,
235,8,K,Dustin Hopkins,,,,,,,,12,6.0,,,,,,,
236,8,K,Joey Slye,,,,,,,,5,24.0,,,,,,,
237,8,K,Greg Zuerlein,,,,,,,,4,26.0,,,,,,,
238,8,K,Nick Folk,,,,,,,,2,30.0,,,,,,,
239,8,K,Eddy Pineiro,,,,,,,,2,30.0,,,,,,,
240,8,K,Greg Joseph,,,,,,,,14,3.0,,,,,,,
241,9,K,Brandon Aubrey,1.0,2.0,1.0,1.0,1.0,1.0,1.0,9,8.0,7.0,6.0,7.0,7.0,7.0,7.0,7.0
242,9,K,Will Reichard,2.0,1.0,2.0,3.0,3.0,4.0,2.0,3,25.0,23.0,24.0,23.0,22.0,22.0,21.0,23.0
243,9,K,Younghoe Koo,3.0,4.0,4.0,2.0,2.0,3.0,3.0,3,25.0,22.0,21.0,21.0,23.0,23.0,22.0,22.0
244,9,K,Austin Seibert,4.0,5.0,3.0,4.0,5.0,2.0,4.0,9,8.0,4.0,3.0,5.0,4.0,3.0,6.0,4.0
245,9,K,Justin Tucker,5.0,7.0,6.0,5.0,4.0,5.0,5.0,11,5.0,0.0,2.0,1.0,0.0,1.0,0.0,0.0
246,9,K,Harrison Butker,6.0,3.0,7.0,6.0,6.0,7.0,7.0,7,14.0,8.0,11.0,7.0,8.0,8.0,7.0,7.0
247,9,K,Ka'imi Fairbairn,7.0,8.0,5.0,8.0,7.0,6.0,6.0,9,8.0,1.0,0.0,3.0,0.0,1.0,2.0,2.0
248,9,K,Cameron Dicker,8.0,6.0,8.0,,8.0,8.0,10.0,3,25.0,17.0,19.0,17.0,,17.0,17.0,15.0
249,9,K,Evan McPherson,9.0,9.0,10.0,7.0,10.0,10.0,8.0,12,3.0,6.0,6.0,7.0,4.0,7.0,7.0,5.0
250,9,K,Brandon McManus,10.0,12.0,9.0,,9.0,9.0,11.0,6,18.0,8.0,6.0,9.0,,9.0,9.0,7.0
251,9,K,Jake Elliott,11.0,10.0,12.0,11.0,12.0,11.0,9.0,5,21.0,10.0,11.0,9.0,10.0,9.0,10.0,12.0
252,9,K,Tyler Bass,12.0,,,10.0,,12.0,,14,1.0,11.0,,,9.0,,11.0,
253,9,K,Jake Bates,,,11.0,,11.0,,12.0,6,18.0,,,7.0,,7.0,,6.0
254,9,K,Chase McLaughlin,,11.0,,,,,,7,14.0,,3.0,,,,,
255,9,K,Jason Myers,,,,12.0,,,,2,29.0,,,,17.0,,,
256,9,K,Blake Grupe,,,,9.0,,,,12,3.0,,,,6.0,,,
257,9,K,Wil Lutz,,,,,,,,4,22.0,,,,,,,
258,9,K,Cairo Santos,,,,,,,,13,2.0,,,,,,,
259,9,K,Chad Ryland,,,,,,,,11,5.0,,,,,,,
260,9,K,Jason Sanders,,,,,,,,9,8.0,,,,,,,
261,9,K,Matt Gay,,,,,,,,10,7.0,,,,,,,
262,9,K,Joshua Karty,,,,,,,,8,12.0,,,,,,,
263,9,K,Dustin Hopkins,,,,,,,,4,22.0,,,,,,,
264,9,K,Cam Little,,,,,,,,1,30.0,,,,,,,
265,9,K,Daniel Carlson,,,,,,,,7,14.0,,,,,,,
266,9,K,Joey Slye,,,,,,,,7,14.0,,,,,,,
267,9,K,Riley Patterson,,,,,,,,3,25.0,,,,,,,
268,9,K,Eddy Pineiro,,,,,,,,6,18.0,,,,,,,
269,9,K,Nick Folk,,,,,,,,8,12.0,,,,,,,
270,9,K,Jude McAtamney,,,,,,,,4,22.0,,,,,,,
271,10,K,Younghoe Koo,1.0,1.0,2.0,2.0,2.0,1.0,5.0,5,21.0,20.0,20.0,19.0,19.0,19.0,20.0,16.0
272,10,K,Justin Tucker,2.0,4.0,3.0,1.0,3.0,5.0,1.0,3,25.0,23.0,21.0,22.0,24.0,22.0,20.0,24.0
273,10,K,Cameron Dicker,3.0,2.0,4.0,4.0,4.0,2.0,6.0,9,13.0,10.0,11.0,9.0,9.0,9.0,11.0,7.0
274,10,K,Tyler Bass,4.0,6.0,5.0,6.0,5.0,9.0,2.0,13,3.0,1.0,3.0,2.0,3.0,2.0,6.0,1.0
275,10,K,Chris Boswell,5.0,9.0,1.0,9.0,7.0,7.0,3.0,4,23.0,18.0,14.0,22.0,14.0,16.0,16.0,20.0
276,10,K,Harrison Butker,6.0,3.0,8.0,3.0,10.0,10.0,4.0,10,10.0,4.0,7.0,2.0,7.0,0.0,0.0,6.0
277,10,K,Ka'imi Fairbairn,7.0,8.0,6.0,8.0,6.0,3.0,7.0,13,3.0,4.0,5.0,3.0,5.0,3.0,0.0,4.0
278,10,K,Brandon Aubrey,8.0,5.0,7.0,,8.0,4.0,8.0,7,17.0,9.0,12.0,10.0,,9.0,13.0,9.0
279,10,K,Jake Elliott,9.0,,9.0,7.0,11.0,11.0,11.0,10,10.0,1.0,,1.0,3.0,1.0,1.0,1.0
280,10,K,Jake Bates,10.0,,10.0,11.0,12.0,12.0,12.0,12,7.0,3.0,,3.0,4.0,5.0,5.0,5.0
281,10,K,Jason Sanders,11.0,11.0,,,,,9.0,15,2.0,9.0,9.0,,,,,7.0
282,10,K,Evan McPherson,12.0,10.0,12.0,,,,,4,23.0,11.0,13.0,11.0,,,,
283,10,K,Jake Moody,,7.0,,5.0,,,10.0,12,7.0,,0.0,,2.0,,,3.0
284,10,K,Joshua Karty,,12.0,11.0,10.0,,,,19,1.0,,11.0,10.0,9.0,,,
285,10,K,Matt Gay,,,,,,,,8,14.0,,,,,,,
286,10,K,Blake Grupe,,,,,,6.0,,8,14.0,,,,,,8.0,
287,10,K,Chad Ryland,,,,,,,,7,17.0,,,,,,,
288,10,K,Chase McLaughlin,,,,,,,,8,14.0,,,,,,,
289,10,K,Wil Lutz,,,,,,,,2,27.0,,,,,,,
290,10,K,Zane Gonzalez,,,,12.0,,8.0,,11,9.0,,,,3.0,,1.0,
291,10,K,Cairo Santos,,,,,,,,3,25.0,,,,,,,
292,10,K,Cam Little,,,,,,,,1,28.0,,,,,,,
293,10,K,Joey Slye,,,,,,,,13,3.0,,,,,,,
294,10,K,Nick Folk,,,,,,,,5,21.0,,,,,,,
295,10,K,Spencer Shrader,,,,,,,,7,17.0,,,,,,,
296,10,K,Eddy Pineiro,,,,,,,,10,10.0,,,,,,,
297,11,K,Ka'imi Fairbairn,1.0,1.0,1.0,2.0,3.0,1.0,1.0,10,9.0,8.0,8.0,8.0,7.0,6.0,8.0,8.0
298,11,K,Jake Bates,2.0,3.0,2.0,1.0,1.0,2.0,3.0,12,3.0,1.0,0.0,1.0,2.0,2.0,1.0,0.0
299,11,K,Cameron Dicker,3.0,2.0,4.0,4.0,2.0,3.0,4.0,12,3.0,0.0,1.0,1.0,1.0,1.0,0.0,1.0
300,11,K,Chris Boswell,4.0,7.0,3.0,7.0,6.0,4.0,2.0,24,1.0,3.0,6.0,2.0,6.0,5.0,3.0,1.0
301,11,K,Justin Tucker,5.0,4.0,5.0,6.0,4.0,5.0,6.0,6,18.0,13.0,14.0,13.0,12.0,14.0,13.0,12.0
302,11,K,Jake Moody,6.0,5.0,7.0,3.0,5.0,6.0,7.0,5,22.0,16.0,17.0,15.0,19.0,17.0,16.0,15.0
303,11,K,Tyler Bass,7.0,9.0,6.0,9.0,7.0,7.0,5.0,6,18.0,11.0,9.0,12.0,9.0,11.0,11.0,13.0
304,11,K,Younghoe Koo,8.0,6.0,8.0,11.0,8.0,9.0,,9,10.0,2.0,4.0,2.0,1.0,2.0,1.0,
305,11,K,Jason Sanders,9.0,,10.0,5.0,11.0,10.0,8.0,11,6.0,3.0,,4.0,1.0,5.0,4.0,2.0
306,11,K,Jake Elliott,10.0,,11.0,10.0,10.0,,9.0,8,14.0,4.0,,3.0,4.0,4.0,,5.0
307,11,K,Brandon McManus,11.0,,9.0,12.0,9.0,,10.0,2,27.0,16.0,,18.0,15.0,18.0,,17.0
308,11,K,Wil Lutz,12.0,12.0,12.0,8.0,,12.0,,9,10.0,2.0,2.0,2.0,2.0,,2.0,
309,11,K,Joshua Karty,,8.0,,,,,12.0,4,25.0,,17.0,,,,,13.0
310,11,K,Brandon Aubrey,,10.0,,,12.0,11.0,,6,18.0,,8.0,,,6.0,7.0,
311,11,K,Evan McPherson,,,,,,,11.0,9,10.0,,,,,,,1.0
312,11,K,Zane Gonzalez,,11.0,,,,8.0,,5,22.0,,11.0,,,,14.0,
313,11,K,Blake Grupe,,,,,,,,5,22.0,,,,,,,
314,11,K,Dustin Hopkins,,,,,,,,0,28.0,,,,,,,
315,11,K,Matt Gay,,,,,,,,14,2.0,,,,,,,
316,11,K,Jason Myers,,,,,,,,12,3.0,,,,,,,
317,11,K,Spencer Shrader,,,,,,,,3,26.0,,,,,,,
318,11,K,Cairo Santos,,,,,,,,9,10.0,,,,,,,
319,11,K,Daniel Carlson,,,,,,,,7,17.0,,,,,,,
320,11,K,Joey Slye,,,,,,,,11,6.0,,,,,,,
321,11,K,Cam Little,,,,,,,,8,14.0,,,,,,,
322,11,K,Anders Carlson,,,,,,,,11,6.0,,,,,,,
323,11,K,Nick Folk,,,,,,,,8,14.0,,,,,,,
324,12,K,Jake Bates,1.0,3.0,2.0,1.0,1.0,1.0,1.0,8,15.0,14.0,12.0,13.0,14.0,14.0,14.0,14.0
325,12,K,Ka'imi Fairbairn,2.0,2.0,1.0,2.0,3.0,2.0,2.0,11,11.0,9.0,9.0,10.0,9.0,8.0,9.0,9.0
326,12,K,Cameron Dicker,3.0,1.0,3.0,4.0,4.0,3.0,3.0,16,3.0,0.0,2.0,0.0,1.0,1.0,0.0,0.0
327,12,K,Jason Sanders,4.0,9.0,5.0,5.0,7.0,5.0,4.0,12,9.0,5.0,0.0,4.0,4.0,2.0,4.0,5.0
328,12,K,Wil Lutz,5.0,5.0,7.0,6.0,6.0,6.0,6.0,22,1.0,4.0,4.0,6.0,5.0,5.0,5.0,5.0
329,12,K,Justin Tucker,6.0,6.0,10.0,7.0,8.0,9.0,5.0,7,17.0,11.0,11.0,7.0,10.0,9.0,8.0,12.0
330,12,K,Chris Boswell,7.0,11.0,4.0,10.0,2.0,12.0,7.0,8,15.0,8.0,4.0,11.0,5.0,13.0,3.0,8.0
331,12,K,Chase McLaughlin,8.0,4.0,9.0,8.0,9.0,10.0,8.0,6,18.0,10.0,14.0,9.0,10.0,9.0,8.0,10.0
332,12,K,Jake Moody,9.0,,6.0,12.0,5.0,7.0,12.0,5,22.0,13.0,,16.0,10.0,17.0,15.0,10.0
333,12,K,Brandon Aubrey,10.0,7.0,8.0,,11.0,8.0,,12,9.0,1.0,2.0,1.0,,2.0,1.0,
334,12,K,Spencer Shrader,11.0,12.0,11.0,3.0,,,9.0,13,5.0,6.0,7.0,6.0,2.0,,,4.0
335,12,K,Jake Elliott,12.0,,12.0,9.0,,,11.0,13,5.0,7.0,,7.0,4.0,,,6.0
336,12,K,Chad Ryland,,10.0,,,12.0,,,6,18.0,,8.0,,,6.0,,
337,12,K,Austin Seibert,,8.0,,11.0,,4.0,10.0,9,13.0,,5.0,,2.0,,9.0,3.0
338,12,K,Brandon McManus,,,,,,,,10,12.0,,,,,,,
339,12,K,Matt Gay,,,,,,,,6,18.0,,,,,,,
340,12,K,Joshua Karty,,,,,,,,2,24.0,,,,,,,
341,12,K,Jason Myers,,,,,,,,6,18.0,,,,,,,
342,12,K,Joey Slye,,,,,,,,1,25.0,,,,,,,
343,12,K,Daniel Carlson,,,,,,,,15,4.0,,,,,,,
344,12,K,Dustin Hopkins,,,,,,,,4,23.0,,,,,,,
345,12,K,Cairo Santos,,,,,,,,9,13.0,,,,,,,
346,12,K,Graham Gano,,,,,,,,1,25.0,,,,,,,
347,12,K,Nick Folk,,,,,,,,18,2.0,,,,,,,
348,12,K,Eddy Pineiro,,,,,,,,13,5.0,,,,,,,
349,13,K,Cameron Dicker,1.0,1.0,1.0,1.0,1.0,1.0,1.0,12,8.0,7.0,7.0,7.0,7.0,7.0,7.0,7.0
350,13,K,Jake Bates,2.0,5.0,2.0,2.0,3.0,3.0,2.0,12,8.0,6.0,3.0,6.0,6.0,5.0,5.0,6.0
351,13,K,Ka'imi Fairbairn,3.0,8.0,3.0,3.0,2.0,5.0,4.0,13,6.0,3.0,2.0,3.0,3.0,4.0,1.0,2.0
352,13,K,Chris Boswell,4.0,2.0,4.0,5.0,4.0,7.0,3.0,16,2.0,2.0,0.0,2.0,3.0,2.0,5.0,1.0
353,13,K,Chase McLaughlin,5.0,7.0,6.0,6.0,5.0,4.0,5.0,16,2.0,3.0,5.0,4.0,4.0,3.0,2.0,3.0
354,13,K,Brandon Aubrey,6.0,3.0,8.0,4.0,7.0,8.0,6.0,9,16.0,10.0,13.0,8.0,12.0,9.0,8.0,10.0
355,13,K,Wil Lutz,7.0,4.0,5.0,9.0,8.0,11.0,9.0,11,12.0,5.0,8.0,7.0,3.0,4.0,1.0,3.0
356,13,K,Justin Tucker,8.0,6.0,7.0,8.0,6.0,6.0,,9,16.0,8.0,10.0,9.0,8.0,10.0,10.0,
357,13,K,Jake Elliott,9.0,10.0,9.0,,9.0,2.0,7.0,6,22.0,13.0,12.0,13.0,,13.0,20.0,15.0
358,13,K,Tyler Bass,11.0,,,,10.0,10.0,8.0,5,25.0,14.0,,,,15.0,15.0,17.0
359,13,K,Brandon McManus,12.0,,,12.0,,,12.0,13,6.0,6.0,,,6.0,,,6.0
360,13,K,Jason Sanders,,,12.0,,,12.0,10.0,3,29.0,,,17.0,,,17.0,19.0
361,13,K,Chad Ryland,,,11.0,,,9.0,,17,1.0,,,10.0,,,8.0,
362,13,K,Younghoe Koo,,12.0,,,,,,8,19.0,,7.0,,,,,
363,13,K,Joshua Karty,,,,11.0,,,,3,29.0,,,,18.0,,,
364,13,K,Evan McPherson,,,,,,,,8,19.0,,,,,,,
365,13,K,Jason Myers,,,,,,,,11,12.0,,,,,,,
366,13,K,Matt Gay,,,,,,,,5,25.0,,,,,,,
367,13,K,Zane Gonzalez,,11.0,,,,,,6,22.0,,11.0,,,,,
368,13,K,Jake Moody,,,,,,,,4,28.0,,,,,,,
369,13,K,Blake Grupe,,,,,,,,10,14.0,,,,,,,
370,13,K,Matthew Wright,,,,7.0,,,,14,4.0,,,,3.0,,,
371,13,K,Joey Slye,,,,,,,,12,8.0,,,,,,,
372,13,K,Nick Folk,,,,,,,,9,16.0,,,,,,,
373,13,K,Cairo Santos,,,,,,,,2,31.0,,,,,,,
374,13,K,Dustin Hopkins,,,,,,,,7,21.0,,,,,,,
375,13,K,Eddy Pineiro,,,,,,,,12,8.0,,,,,,,
376,13,K,Daniel Carlson,,,,,,,,5,25.0,,,,,,,
377,13,K,Cam Little,,,,,,,,6,22.0,,,,,,,
378,13,K,Graham Gano,,,,,,,,10,14.0,,,,,,,
